[
{"CandidateID": "0", "Additional-Info": "Additional Information\nOverseas Experience: \n \nUK (English course/Upper-Intermediate and Advanced english classes) held at Edwards Language School \nUK (Business Training/Investment Banking business knowledge) held at HSBC London \n \nCourses: \n \nAdvanced Java (J2SE,J2EE) - Qualiti \nCore Web Application with Microsoft Visual Studio 2005 (Microsoft Course) \u2013 LanLink \nAdvanced Web Application with Microsoft Visual Studio 2005 (Microsoft Course) \u2013 LanLink \nSCRUM Framework \u2013 C.E.S.A.R \nWorkshop for reuse in software \u2013 WIRE (C.E.S.A.R)", "Skills": "JAVA, SWING, JSF, JPA, Hibernate, Spring MVC, JSP, JMS, Servlets, JUnit, JMock, .NET, C#, VB.NET, Windows Forms,WPF, WCF, ASP.NET, NHibernate, Moq, AJAX, HTML, CSS, ANT, MAVEN, HTTPUnit, EMMA, JavaScript, JQuery, PHP, Ruby, Python, XML, XSLT, XPATH, Eclipse, MyEclipse, Visual Studio 2005/2010, Mono IDE, Team Foundation Server, Rational Team Concert, Rational Software Architect, Clearcase, Visio, Jude, Oracle, SQL-Server, MySQL, WebSphere Application Server (WAS), IIS, Apache Tomcat, JBoss, PMBOK, RUP, Lean Software Development, Kanban, SCRUM, XP, DDD, TDD, FDD, AngularJS", "Work-Experience": {"Company": "CITS - International Centre of Software Technology - Curitiba, PR && Volvo IT - Curitiba, PR && HSBC GLT - Curitiba, PR && Politec Global IT - Recife, PE && Pitang Agile IT - Recife, PE && Sophia Solutions - Recife, PE && Bradesco Bank - Recife, PE", "Job-Description": "Responsible for the research and development of new technologies. Working with Microsoft Technologies (.Net, Csharp, Unity, MEF) and Java Platform. Also responsible for the software engineering and development of the Smart Grids solutions in a Global IT environment. && Responsible for the development of a diagnostic vehicle solution using the .Net framework with C# as a language to build the core of the application and also Java and a small part of C++, although the C++ part was never changed. To test the code, the team used to use NUnit and Sikuli. The application was a legacy system with a quite coupled code and also it was developed for a specific kind of machine, so, for that reason, it was not so easy to apply some automated tests on that, but, the team applied what was possible and the project achieved a good level of quality. The purpose of the application was to diagnostic the mechanical and electronic engineering of the trucks assembled at Renault Trucks (Volvo Company) in Lyon - France. The application has being maintained in years in a complex architecture with a mix of knowledge of electronic and computing. It was a very good experience, very interesting subject, and very challenging. && Responsible for the software development of the web applications of the investment banking department (Global Banking and Markets - GBM), in London - UK. All of those applications were developed according to the MVC pattern architecture, using Java and its frameworks as Spring MVC, Spring AOP, HIBERNATE, JSF, MAVEN, JBehave, Selenium, FITNesse, JQuery, SQL (Oracle platform) and UML to the modeling. Experienced in systems integration using IBM MQ, and experienced in Web Services, using both SOAP as REST (JSON) as a protocol. There was a project that was important to the bank, where the team had to travel to London to understand all the necessary business rules to develop the application. For the project, the team used the FIT tool to automate the tests and with that, the project achieved a high level of quality, also using CI (Continuous Integration) with Sonar and some techniques like TDD and BDD was essential to start the project in a successful path. There were other interesting projects with this kind of business, particularly in the investment-banking context. In all projects the team used to work following agile techniques and some \u201cmainstream\u201d techniques as DDD (Domain Driven Design), TDD (Test Driven Design), BDD (Behavior Driven Design), XP (extreme programming) and the last but not the least in importance, the framework SCRUM that really help us to deliver good quality software. This reality of work was significant to the quality of the software. The team really achieved a sustainable pace using principles of Agile Software Development and the projects were very successful, very challenging and rich in terms of technology and process. && Responsible for the requirements gathering, working closely with clients in order to understand better the business and create the use cases used by development team. \nResponsible for modeling systems and its relationship with other systems using UML, also responsible for the software development of several applications of the Tribunal de Contas do Estado de Pernambuco (TCE) and the Tribunal Regional Federal de Pernambuco (TRF). The technology used for both clients was Java and its frameworks as Struts, JSF, JDBC, HIBERNATE, Maven, also JQuery for UI and PL/SQL for the database (Oracle platform). There was a project that the goal was really challenging, it was a legacy system, written in ASP, and the team had the responsibility to do a reverse engineering of all the system. && Worked as a software developer of an international web project from Florida - US, with a complex business rules regarding the home insurance domain. The purpose of the application was to give a detail report that is necessary to show to the US government when it happens natural disasters and the citizen have some losses. The application was developed using the Java technology and its frameworks as JSF, HIBERNATE, Maven, IReports, and used JavaScript for UI and MySql for the database. To automate the tests the team used JUnit. It was a great project, good experience, good people and a very successful project. \nAlso responsible for the internet applications development of the Yahoo\u2019s company. Worked as a developer in a big project, the China Olympic Games project that was implemented used the PHP technology and Perl. Our client was in Miami - US. It was a good project, with many contacts with people from other countries. This project was very rich in terms of culture and programming as well, and it has achieved a very successful target. && Responsible for the software development of a system where its purpose were the automation of the payment process for coffee shops in universities and schools using for that smart cards to avoid queues. This project was very interesting; the technology used to develop it was the .Net framework using the VB.Net and C# languages, also SQL for the database (MS SQL Server platform) and also ASP.Net and AJAX for UI. It was very challenging project because it was not just a simple web application but there was some communication with the physical tokens, those tokens were fixed in the school places and the software on it was written in Delphi, so, it was necessary to create a Web Service to enable the communication between the tokens and the web application The project was very successful. It was shown on national TV news and local newspapers as well. && Responsible for analysis of the portfolio of accounts payable and responsible to all kinds of financial tasks for operating a bank. A period of much learning regarding the administration, commitment, respect, corporatism, among other values. A very important learning for my entire career.", "Job-Duration": "December 2015 to Present && July 2013 to March 2015 && August 2010 to June 2013 && September 2008 to August 2010 && December 2007 to August 2008 && September 2005 to October 2007 && August 2001 to March 2004", "Job Title": "Software Developer, Global R&D && Application Developer && Senior Software Analyst && System Analyst && Software Engineer && Developer - Internship && Executive Cashier"}, "Location": "Curitiba, PR", "Education": {"Institute": "Recife Center for Advanced Studies and Systems Recife, PE && Faculdade Marista Recife, PE && Universidade Cat\u00f3lica de Pernambuco Recife, PE", "School-Duration": "2009 to 2010 && 2004 to 2009 && 1998 to 2001", "Qualification": "Master of Business Administration (MBA) in Agile Project Management && Bachelor of Technology (B.Tech.) in Internet Systems Development && Bachelor's degree in Computer Science"}, "Resume-Summary": "None"}

,
{"CandidateID": "1", "Additional-Info": "Additional Information\nLanguage \nEnglish - Professional working proficiency", "Skills": "Ruby (6 years), Ruby On Rails (6 years), Linux, Web Development (9 years), Docker, Javascript, Jquery, Mysql, Redis, Mongodb", "Work-Experience": {"Company": "Locaweb && MSLGROUP Espalhe && boo-box && Trentin Cross Media", "Job-Description": "Member of the PaaS team, working in the web hosting product, which is responsible for maintaining applications as service provisioning (web hosting - Linux and Windows, databases, DNS zones, application installer, analytics platform), customer control panel, operation control panel and APIs for providing information to other systems. \n \nCurrently working on the web hosting provisioning of the legacy architecture, helping to maintain and create strategies to reduce data inconsistence and data migration on a legacy system. Contributed to improvements in the platform migration system and also maintained and improved the application installer product, providing applications such as Wordpress and Joomla on the costumer's web hosting. Implemented the practice of continuous integration environment, increasing the quality of software delivery using Docker and Debian Package Management System. \n \nTechnologies/Methodologies: Ruby, Rails, Sinatra, Resque, Python, ASP, MySQL, SQL Server, GIT, Jenkins, Docker, Vagrant, Debian, Bash / Kanban, Scrum. && Develop and maintain: \n- Web apps with high-impact on social networks, using PaaS providers and technologies to improve performance, reliability. \n- A system that measures the performance and engagement of brands in social media by scores and ranking, using Ruby/Rails, postgreSQL/Redis and high performance background processing for Ruby. && Responsible for helping customers with their critical needs such as supporting and developing solutions. Develop with the operations team to maintain the health and stability of the system by fixing bugs, resolving critical issues in system design and improvements in system architecture \n \nParticipated on the Ad server core development team using ruby, merb/rails and mysql/redis. Gained big experience on monitoring, web scaling issues using different technologies to improve performance and reliability. && Developed and maintained CRM systems for business and websites using Ruby/Rails, PHP, Javascript/jQuery and MySQL/PostgreSQL, working in several layers from software architecture to deploy the production environment", "Job-Duration": "August 2015 to Present && July 2014 to June 2015 && January 2011 to July 2014 && August 2007 to December 2010", "Job Title": "Software Developer && Software Developer && Ruby Developer && Software Developer"}, "Location": "S\u00e3o Paulo, SP", "Education": {"Institute": "FIPP - Universidade do Oeste Paulista Presidente Prudente, SP", "School-Duration": "2003 to 2007", "Qualification": "Web Development in Computer Science"}, "Resume-Summary": "Software developer who loves to solve problems with efficiency and speed. \n \n- Fluent in Ruby its ecosystem and Javascript.  \n- Developed web apps, with both SQL and NoSQL databases,  \n- Experience in higher performance with background processing for Ruby. \n- Focused on back-end development. \n \nSpecialties: Web development, Ruby, GIT, Rails/Sinatra, Redis, MySQL, PostgreSQL, Docker, Jenkins, Debian, Sidekiq, Javascript/JQuery/AngularJS. \nAgile methodologies: Kanban, Scrum and XP."}

,
{"CandidateID": "2", "Additional-Info": "None", "Skills": "Matlab (5 years), C++ (8 years), Java (2 years), Image Processing (2 years), Neural Networks (3 years), Fuzzy Logic (3 years), Jira (3 years), Github (3 years), Eclipse (6 years), Visual Studio (6 years), Android Studio (1 year), Intel C++ Compiler (1 year), Intel OpenMP (1 year), OpenCV (1 year), C# (1 year), Scikit-Learn (Python Machine Learning) (Less than 1 year), JetBrains PyCharm (Less than 1 year), Boost C++ Library (1 year), STL C++ Library (1 year)", "Work-Experience": {"Company": "Roboticando - Santo Andr\u00e9, SP && TOTVS - S\u00e3o Paulo, SP && ATECH Critical Systems - S\u00e3o Paulo, SP && ASGA SA - Paul\u00ednia, SP && LG Electronics - S\u00e3o Paulo, SP && ERICSSON R&D - Indaiatuba, SP", "Job-Description": "Develop embedded software solutions using C/C++. \nDevelop software in JAVA for Graph Algorithms, Image Processing and Machine Learning. \nTools: C/C++, JAVA, Arduino, Eclipse, IntelliJ IDEA, Visual Studio 2015, Git, Agile Methods, Python, Numpy, Scipy, Matplotlib, Fuzzy Logic, Neural Networks. && Develop multi-platform software solutions using C/C++ in accordance with requirements and design. && Python and C/C++ software developer for systems simulations. && Embedded software developer for Optical Modens. \nC++, embedded LINUX, SVN. && Mobile software Developer.  \nVisual C/C++. && Real Time CDMA Rabio Base System developer. \nC++, ClearCase, ClearDDTS.", "Job-Duration": "February 2012 to Present && June 2011 to November 2011 && July 2010 to April 2011 && August 2008 to March 2011 && January 2008 to August 2008 && November 2005 to December 2007", "Job Title": "Software Developer && Senior Software Engineer && Software Developer && Embedded Software Engineer && Software Engineer && Software Engineer"}, "Location": "Santo Andr\u00e9, SP", "Education": {"Institute": "UFABC Santo Andr\u00e9, SP && UNESP-BAURU Bauru, SP && UNESP-BAURU Bauru, SP", "School-Duration": "September 2015 to September 2018 && March 1999 to October 2002 && March 1991 to December 1997", "Qualification": "PhD. Computer Science in Machine Learning && Master Degree in Industrial Engineering in Applied Neural Networks && Electrical Engineering in Control Systems and Electrical Machines"}, "Resume-Summary": "None"}

,
{"CandidateID": "4", "Additional-Info": "None", "Skills": "Java Avan\u00e7ado", "Work-Experience": {"Company": "JungleCoders - KohTao, Thailand && Empresas && Miles 33 - Belo Horizonte, MG && (Android) para empresa Usiminas && Selenium", "Job-Description": "Android developer && trabalhando). \nLevantamento dos requisitos, estudo da viabilidade de software e desenvolvimento da parte mobile \n(em Android) do Dengue Report 2.0. \nO sistema consiste na evolu\u00e7\u00e3o do sistema antigo, que \u00e9 mantido at\u00e9 hoje, para um formato mais moderno utilizando da plataforma Android como \"coletor de dados\". \nAl\u00e9m disso, o sistema se comunica com um banco de dados Mongo e tem seus dados exibidos em forma de sistema Web em Angular JS. \n\u2022 MILES33, Analista de Sistemas, 07/2012. Trabalho com desenvolvimento e manuten\u00e7\u00e3o de sistema de noticias para industria jornalistica brasileira, usando Java EE e Scrum && Responsabilidades \nTrabalho com desenvolvimento e manuten\u00e7\u00e3o de sistema de noticias para industria jornalistica brasileira, usando Java EE e Scrum. \n \nRealiza\u00e7\u00f5es \nDesenvolvimento da integra\u00e7\u00e3o do sistemas com os bancos Oracle e SQLServer, ajudando no faturamento das empresas e facilitando a contabilidade && Cria\u00e7\u00e3o de um sistema mobile (Android) para empresa Usiminas. \nSistemas em CSharp para automatiza\u00e7\u00e3o do trabalho, criando rob\u00f4s, para Win Mobile 6.5 e manute\u00e7\u00e3o \ndo sistema web. \n\u2022 ALGAR Tecnologia, Desenvolvedor, 06/2010. \nSistema web Permission\u00e1rios em JCompany, Structs, Jsf, Birt, Hibernate e Oracle. \nSistema web Smodo em JCompany, JavaScript, SqlServer. \nSistema Android com aplica\u00e7\u00f5es para o Governo de MG. \n\u2022 IBM, Opera\u00e7\u00f5es, monitora\u00e7\u00e3o de sistemas, 07/2009. \nMonitora\u00e7\u00e3 de contas Globais como(Panasonic, Ace, Williams, Hicahi) uso do Ingl\u00eas constantemente. && Testes funcionais do Sistema da Imprensa Oficial, utilizando Java, PHP, Xml e FrameWork ArangiTester(Selenium).", "Job-Duration": "July 2015 to Present && April 2015 to April 2015 && April 2012 to April 2015 && May 2011 to May 2011 && February 2009 to February 2009", "Job Title": "Android Developer && ECOVEC, Analista de Sistemas && Desenvolvedor Java && Analista de Sistemas && LCC, Tester do sistema da Imprensa oficial"}, "Location": "Belo Horizonte, MG", "Education": {"Institute": "PUC_MG Belo Horizonte, MG", "School-Duration": "2006 to 2010", "Qualification": "Gradua\u00e7\u00e3o in Ci\u00eancia da Computa\u00e7\u00e3o"}, "Resume-Summary": "None"}

,
{"CandidateID": "5", "Additional-Info": "None", "Skills": "Espanhol e Ingl\u00eas intermedi\u00e1rio / Ferramentas M.S. Ofiice / Linux / Windows / GIMP para desenho de WEB / Inkscape, Eclipse, RAD, JAVA, JAVASCRIPT, NODEJS, GIMP, BLENDER (10+ years)", "Work-Experience": {"Company": "Accenture / Vivere Brasil - S\u00e3o Paulo, SP && Stefanini IT Solutions - S\u00e3o Paulo, SP && Magna Sistemas e Consultoria. - S\u00e3o Paulo, SP && Telecomunica\u00e7\u00f5es de S\u00e3o Paulo S/A - S\u00e3o Paulo, SP && IPT - S\u00e3o Paulo, SP", "Job-Description": "Atuaou no back-end e front-end do projeto de cr\u00e9dito imobili\u00e1rio e automotivo para institui\u00e7\u00f5es banc\u00e1rias. \nFerramentas / Tecnologias \nIDEs: Atom, Visual Studio Code, Eclipse Neon. \nServidores Tomcat. \nIntegra\u00e7\u00e3o de sistemas via servi\u00e7os RestFull / SOAP \nUtiliza\u00e7\u00e3o do NodeJS, AngularJS, Java, Spring, Oracle. \nMetodologia Scrum para cria\u00e7\u00e3o de projetos. && Responsabilidades \nDesenvolvedor nodejs, react, para sistema de origina\u00e7\u00e3o de documentos via OCR. \n \nIDEs: \nElipse luna, Atom, Visual Studio Code.. \n \nAmbientes do sistema: \nSpring boot, Jboss, Nodejs, Servi\u00e7os Rest, PostgreSQL, Mongodb. && Atuou como lideran\u00e7a de equipe (2 anos) no desenvolvimento de sistemas, atuando nos projetos: Banco do Povo Paulista (microcr\u00e9dito), Emprega S\u00e3o Paulo (empregos), PEQ, Via R\u00e1pida (empregos) e Audesp (auditoria do tribunal de contas do estado de S\u00e3o Paulo).  \nFerramentas / Tecnologias: \nIDEs RAD v8.0, Eclipse Luna. \nWebsphere v6.0/7.0/8.0, JBOOS 6.0. \nWebService, para consulta Cadin. \nSockets para comunica\u00e7\u00e3o Banco do Brasil. \nBanco de dados MS SQL Server 2008 e Postgres 9.0. \nStruts 1.2, Hibernate 2.0, EJB 2.0. \nTrocas de mensagens ass\u00edncronas, via JMS. \nDeploy via Jhyton (Phyton rodadando em JVM) no suite control - M da IBM. \nCustomiza\u00e7\u00e3o de Chat em PHP usando o framework WEBIM. \nMetodologia RUP / Scrum para manuten\u00e7\u00e3o e cria\u00e7\u00e3o de projetos. \nVerificadores de c\u00f3digo PMD && Levantamento de Requisitos e Documenta\u00e7\u00e3o de Sistemas utilizando-se do RUP IBM.  \nUML e confec\u00e7\u00e3o de Diagramas de caso de uso, estado, classes, seq\u00fc\u00eancia e etc.  \nInterface WEB pra Usu\u00e1rios usando JSP, HTML, CSS e JavaScript.  \nTomcat 5.x e 6.x.  \nModelagem de Banco de dados.  \nBanco de dados MS SQL Server.  \nStored Procedures, Views, Triggers, DTS, Schemas e etc.  \nStruts 1.x e 2.x, Hibernate, Servlets, JDBC.  \nSistemas para a \u00e1rea de opera\u00e7\u00e3o local e regional (Brasil e Am\u00e9rica Latina).  \nGerenciamento de Servidores Windows Server, Linux.  \nFerramenta de Desenvolvimento Eclipse 3.x  \n \nAtividades:  \nIntegrante do comit\u00ea de implementa\u00e7\u00e3o da metodologia RUP no cen\u00e1rio de desenvolvimento de sistemas da empresa.  \nConcep\u00e7\u00e3o e desenvolvimento de sistemas para telecom, tais como bilhetadores,  \nmultimedi\u00e7\u00e3o e controle de obras, usando cliente / servidor web na plataforma java.  \nAutoma\u00e7\u00e3o de processos de manuten\u00e7\u00e3o preventiva e corretiva em matrizes de comuta\u00e7\u00e3o anal\u00f3gicas, programa\u00e7\u00e3o de juntores de sinaliza\u00e7\u00e3o R2 digital e n\u00famero 7,  \ncria\u00e7\u00e3o de DDRs digitais para empresas nas centrais p\u00fablicas, CPAs (Centrais por  \nProgramas Armazenados) utilizando-se de linguagem C. && Responsabilidades \nPesquisador e desenvolvedor nas interface de troncos em central tr\u00f3pico RA. \n \nRealiza\u00e7\u00f5es \nLaudos t\u00e9cnicos para empresas no momento da privatiza\u00e7\u00e3o das Telecons em chamadas a dist\u00e2ncia como voz sobre IP.", "Job-Duration": "March 2016 to September 2016 && September 2015 to November 2015 && October 2009 to July 2015 && February 2001 to September 2009 && February 2000 to February 2001", "Job Title": "Software Developer && Desenvolvedor Sr && Desenvolvedor Java S\u00eanior III / Lider T\u00e9cnico && Analista em Telecom e TI && Pesquisador e desenvolvedor"}, "Location": "S\u00e3o Paulo, SP", "Education": {"Institute": "Univali/Unitins S\u00e3o Paulo, SP", "School-Duration": "2008 to 2010", "Qualification": "Tecn\u00f3logo em An\u00e1lise e Desenvolvimento de Sistemas in Desenvolvimento de Sistemas"}, "Resume-Summary": "Desenvolvedor VB, Javascript, java, Nodejs, AngularJS."}

,
{"CandidateID": "6", "Additional-Info": "None", "Skills": "HTML5 (1 year), CSS Intermedi\u00e1rio (Less than 1 year), PHP Intermedi\u00e1rio (1 year), C# Intermedi\u00e1rio (2 years), Unity3D (2 years), Action Script 3.0 (1 year), Flash (1 year), MySql (1 year)", "Work-Experience": {"Company": "Netbil Educacional e Inform\u00e1tica Ltda && JR Informatica - Bilac, SP && Escrit\u00f3rio Ipiranga - Bilac, SP", "Job-Description": "Suporte T\u00e9cnico TI na Escrit\u00f3rio Ipiranga && None && None", "Job-Duration": "May 2015 to Present && June 2014 to March 2015 && May 2013 to May 2014", "Job Title": "Software Developer && T\u00e9cnico em Inform\u00e1tica && aux de servi\u00e7os gerais"}, "Location": "Bilac, SP", "Education": {"Institute": "Centro Universit\u00e1rio Cat\u00f3lico Salesiano Auxilium && Ensino M\u00e9dio", "School-Duration": "2014 to 2016 && 2006 to 2012", "Qualification": "None && None"}, "Resume-Summary": "None"}

,
{"CandidateID": "7", "Additional-Info": "Additional Information\nQUALIFICA\u00c7\u00d5ES \nExecu\u00e7\u00e3o impec\u00e1vel das rotinas, grande aten\u00e7\u00e3o \u00e0 detalhes, organiza\u00e7\u00e3o, forte \u00e9tica profissional, proativo, profissional, resolu\u00e7\u00e3o de problemas e pensamento cr\u00edtico, trabalho em equipe e habilidade de colabora\u00e7\u00e3o, alta habilidade de oferecer sugest\u00f5es e melhorar processos, bastante colaborativo com colegas de trabalho, flex\u00edvel a mudan\u00e7as, disponibilidade de aceitar constantemente novos desafios e experi\u00eancias, r\u00e1pida adapta\u00e7\u00e3o a mudan\u00e7as de ambiente, disponibilidade para viagens nacionais e internacionais.", "Skills": "Java Avan\u00e7ado, Angular, Node.Js, Spring Framework, Spring MVC, Spring Security, Spring Cache, Spring Data, JavaEE, JavaScript Avan\u00e7ado, Oracle, MySQL, MongoDB, JQuery, JSP", "Work-Experience": {"Company": "PRODESP && Hyundai Motors && Universidade Metodista de S\u00e3o Paulo - S\u00e3o Paulo, SP", "Job-Description": "Desenvolvimento de sistema de notifica\u00e7\u00e3o, investiga\u00e7\u00e3o e relat\u00f3rio de doen\u00e7as. \nDesenvolvimento de aplica\u00e7\u00e3o web com AngularJS, Bootstrap e Spring no servidor JBoss. \nDesenvolvimento de backend com Spring Framework (Core, Cache, Data, Security, Rest). \nGera\u00e7\u00e3o de relat\u00f3rios com JasperReport usando Jaspersoft Studio. \nControle de depend\u00eancias do projeto com Maven. Integra\u00e7\u00e3o cont\u00ednua com Jenkins, Maven. \nVersionamento com Git. \nTecnologias FrontEnd: Node.JS, Bower, Gulp, AngularJS, Bootstrap, JQuery, JSON, REST, Consumos de servi\u00e7o de uma API, JavaScript; \nBanco de dados: Oracle e MongoDB; \nLideran\u00e7a da equipe de desenvolvedores (entrevista, contrata\u00e7\u00e3o, desenvolvimento profissional, gest\u00e3o de pessoas). \nEstimativa de todos os prazos e recursos do projeto. \nApresenta\u00e7\u00e3o de performance e status ao cliente final, bem como coleta e an\u00e1lise de requisitos vindos do cliente. \nLideran\u00e7a do projeto, desenvolvedor principal. && Desenvolvimento e sustenta\u00e7\u00e3o do Portal de Vendas da Hyundai; Suporte aos Usu\u00e1rios; \nLevantamento de Requisitos, especifica\u00e7\u00f5es funcionais e documenta\u00e7\u00f5es; \nDesenvolvimento web utilizando framework Spring MVC, Bootstrap, JQuery, JSP, JSTL; \nCria\u00e7\u00e3o e consumo de servi\u00e7os REST; \nCria\u00e7\u00e3o e consumo de servi\u00e7os SOAP utilizado framework Axis2; \nIntegra\u00e7\u00e3o com outros Sistemas como SAP e Siebel via RFC e SOAP; \nVersionamento de c\u00f3digo com SVN; \nTestes de servi\u00e7o com SOAPUI; \nUtiliza\u00e7\u00e3o de servidor Tomcat && Instala\u00e7\u00e3o de Hacks com Patch Panel e Voice Panel; Instala\u00e7\u00e3o e configura\u00e7\u00e3o de Roteadores e Access Point; Projetos de mudan\u00e7as de Infraestrutura de Redes e Telefonia; Projeto de cria\u00e7\u00e3o de Infraestrutura de Redes e Telefonia; Suporte aos Usu\u00e1rios de Voip. \n \nEXPERI\u00caNCIAS PROFISSIONAIS ADICIONAIS \nExperi\u00eancia com servidores: JBoss, Tomcat; \nBibliotecas e ferramentas como: Log4J, GSon, XStream, Maven; \nIntegra\u00e7\u00f5es com APIs de redes sociais: Instagram, Twitter; \nFerramentas WebService: Axis2, SoapUI; \nBancos de dados: MySQL, Oracle, MongoDB; \nFrameWorks: Spring, VRaptor, Hibernate; \nFrontEnd: AngularJS, JQuery, BootStrap; \nVersionamento: SVN, Git.", "Job-Duration": "April 2016 to Present && March 2014 to April 2016 && May 2013 to March 2014", "Job Title": "Software Developer && Analista de Sistemas Java && Auxiliar T\u00e9cnico de Redes"}, "Location": "S\u00e3o Bernardo do Campo, SP", "Education": {"Institute": "Universidade Metodista de S\u00e3o Paulo", "School-Duration": "2017", "Qualification": "Engenharia"}, "Resume-Summary": "ANALISTA DE DESENVOLVIMENTO JAVA"}

,
{"CandidateID": "8", "Additional-Info": "None", "Skills": "visual basic 6 (10+ years), vb (10+ years), visual basic (10+ years), Vb.Net (10+ years), Php (10+ years), Mysql (10+ years), html (10+ years), Android Development (2 years), Json (2 years), Javascript (3 years), Shell Scripting (10+ years), Linux (10+ years), Jquery (1 year), Intel XDK (Less than 1 year), IBM Watson (Less than 1 year), TCL/TK (3 years), Swift (Xcode) (Less than 1 year), Windows(6 years), Linux (6 years),MacOs (6 years)", "Work-Experience": {"Company": "Acronus Software - carvalhomoraes.com - Campinas, SP && Freescale Semiconductors - Jaguari\u00fana, SP", "Job-Description": "\u2022 I have been creating softwares that meet the need for companies and schools in the networked computer management. Using different computer languages (VB.net, Visual basic 6, Java, PHP, MySql, Javascript, Json,...), my softwares works on different platforms (Windows, Mac OS and Linux). \n\u2022 Since 2006 I created a team of internal support to help our customers who may have technical questions about our products, to make tests in our solutions and since then I keep this team updated with the new features of our softwares. \n\u2022 Currently my products are installed on thousands of computers. \n\u2022 The sales system of our products I developed by myself, it is an automatic system (internal product) and our customers can pay through various payment methods such as PayPal for example, all automated. \n\u2022 In 2010 I created a development team to help me in the development of features of current products and new products. \n\u2022 In 2015 I started also hiring freelancers from outside of Brazil to help with new features and products that I needed. As an example of products for Android mobile. In this way, I created two products for two different companies (Bro software and GetCook - IOS and Android). \n\u2022 Since January 2015 I started developing in Java (Android Studio) for mobile. && \u2022 Software development and electronic circuits (using freescale microcontrollers HC12 and HC11, VB6, VB.net and TCL/TK) to evaluate integrated circuits developed in Brazil. \n\u2022 Integrated circuit layout designer. \n\u2022 Software development in tcl / tk and Shell Script (UNIX) to check DRC and LVS entire hierarchy of an integrated circuit (from the top), with html report on an Apache server.", "Job-Duration": "August 2006 to Present && August 2000 to August 2006", "Job Title": "Software Development Director && Developer Technician Full"}, "Location": "Campinas, SP", "Education": {"Institute": "Universidade S\u00e3o Francisco University (not graduated, I stopped missing a year) Campinas, SP && Unicamp - (not graduated, I stopped missing two years) Campinas, SP && SENAI Campinas, SP && Funda\u00e7\u00e3o Bradesco Campinas, SP", "School-Duration": "2003 to 2007 && January 1999 to December 2002 && 1994 to 1996 && 1993 to 1996", "Qualification": "BA in Computer Enginnering && Bachelor's degree in Physics && Technician in Electronic Telecommunication && Techinician in Electronic"}, "Resume-Summary": "None"}

,
{"CandidateID": "9", "Additional-Info": "None", "Skills": "Android (4 years), Java Intermedi\u00e1rio (5 years), iOS (2 years)", "Work-Experience": {"Company": "Bravi Software - Florian\u00f3polis, SC && BRy Tecnologia - Florian\u00f3polis, SC && UNIVERSIDADE FEDERAL DE SANTA MARIA - Florian\u00f3polis, SC", "Job-Description": "In this company I have had the opportunity to work in several project, some of them to international customers. \nThe first project that I have worked was in a game called Qualcomm Quiz. This app is a game with question and answer where one Qualcomm employee can challenge another in different topics. \n \nThe second project is called Navita Connect. This app is a device manager and there are two types of profiles. The first one is for the devices users and they can see the average of the bills in the last three months for example. They also can see details of the bill about certain period like costs of SMS, call and data used in this period. The second one is for the manager of the employees. Besides that see the bills of the device them are using there is a screen called manager and in this area they can see information about the devices in general like the number of the devices that the company has, the number of the devices that are in use and others information. \n \nThe third project is called FX Mobile and this app offers a lot of metrics to different type of profiles like owner of one store, a group of stores or to an owner of a mall for example. In this apps the owners can check the flow of people that pass in front of them stores. The number of people that can pass in front of them stores and enter in the stores and buy something. \n \nI also worked with others project like a public version of the Qualcomm Quiz and own projects from the company like the app Connect. This app is a News App to companies. This app allows a easy way to communication between employees. && My second experience was in a company BRy Technology. They have a good knowledge in this area in Brazil offering solutions to certification, security in digital documents, digital signature. I have worked there for 3 years as a web and mobile developer. As a Web Developer I had the opportunity to help to create a website called KMS (Key Management System) where the customer can create them certificate in the cloud and its private key is stored inside of the HSM (Hardware Security Module) and only the user can use it to sign some document for example.  \nAs a Mobile Developer I have helped to create an app for Android and iOS called KMS. This app works like Google Authenticator, the user makes an agreement between the app and the web site using QRCode. Once the setup is completed successfully, the user can authenticate and sign documents using de app. && My first professional experience with software development was as a trainee at the university \n \nwhere I studied. This work gave the great opportunity to work with different technologies like JSF, JPA, \n \nHibernate, Ajax, MySQL, Richfaces and etc. In that moment I only had worked with Java for desktop, \n \nthen I consider this job essential to my career and what I became today. During this time I helped to \n \ndevelop a portal called \u201cCollect\u201d. This website is used to conduct research and academic assessment, \n \nbased on forms to collect data. I stayed there approximately 10 months.", "Job-Duration": "July 2015 to February 2017 && November 2012 to July 2015 && October 2010 to July 2011", "Job Title": "Mobile Developer && Web/Mobile Developer && Trainee - Web Developer"}, "Location": "Cork, Ireland", "Education": {"Institute": "Universidade Federal de Santa Catarina Florian\u00f3polis, SC", "School-Duration": "August 2009 to December 2013", "Qualification": "Bachelor in Information Systems"}, "Resume-Summary": "I am looking for a job as a Mobile Developer"}

,
{"CandidateID": "10", "Additional-Info": "None", "Skills": "Microsoft Office, Microsoft Excel, Microsoft Power Point, Ingl\u00eas Intermedi\u00e1rio, Espanhol Avan\u00e7ado, HTML B\u00e1sico, JavaScript B\u00e1sico, CSS B\u00e1sico, C#, SQL B\u00e1sico, Java B\u00e1sico", "Work-Experience": {"Company": "Controlux - Porto Alegre, RS && AlphaPark Estacionamentos - Porto Alegre, RS && Grupo Isdra - Porto Alegre, RS", "Job-Description": "Aut\u00f4nomo na manuten\u00e7\u00e3o de software utilizando plataforma c# e pl/sql && Alpha Park tive obriga\u00e7oes como Lider Operacional e Acessor administrativo onde exerci as seguintes responsabilidades: \n \nLider Operacional : \n \n* Gerenciava equipes de Valets/Manobristas e caixas com suas determinadas qualidades para os estacionamentos onde teriam melhor utilidade e eficiencia \n* Fechamento de Caixa \n \nAcessor Administrativo: \n \n* Lan\u00e7amento e controle de notas fiscais \n* Controle de faturamento diario/semanal/mensal \n* Or\u00e7amentos  \n* Compras \n* Lan\u00e7amentos de contas a pagar/receber \n* An\u00fancios e propagandas \n* Auxilio no planejamento do processo funcional administrativo e operacional  \n* Markup && Responsabilidades como estagiario eram : \n*Auxiliar na constru\u00e7\u00e3o/ atualiza\u00e7\u00e3o de sites utilizando html e css. \n*Ajudar na constru\u00e7\u00e3o e de atualiza\u00e7\u00e3o dos softwares, e pesquisa do banco de dados Sql(Postgree) para gerar relatorios", "Job-Duration": "October 2014 to March 2016 && October 2013 to October 2014 && None", "Job Title": "Developer && Lider Operacional/Acessor Administrativo && Estagi\u00e1rio TI Desenvolvimento"}, "Location": "Porto Alegre, RS", "Education": {"Institute": "Senac Porto Alegre, RS && FTEC Porto Alegre, RS && Target Trust (cursando) Porto Alegre, RS", "School-Duration": "January 2016 to January 2017 && 2014 to 2015 && None", "Qualification": "Ensino Superior (Cursando) in Analise e Desenvolvimento de Sistemas && Ensino Superior Incompleto in Marketing && Especializa\u00e7\u00e3o in Desenvolvimento de software"}, "Resume-Summary": "None"}

,
{"CandidateID": "11", "Additional-Info": "Additional Information\nPROJETOS \nAplicativo Android* e iOS - Calculadora Estat\u00edstica ++ \nAplicativo Android* e iOS - Calculadora \nAplicativo Android* - Tempo de Bateria \nAplicativo iOS - Bhaskara \n \n* - dispon\u00edvel na Google Play", "Skills": "PHP Avan\u00e7ado (4 years), Qlikview (Less than 1 year), Qliksense (Less than 1 year), CakePHP (3 years), Java Intermedi\u00e1rio (2 years), SQL Intermedi\u00e1rio (4 years), HTML Avan\u00e7ado (4 years), JavaScript Intermedi\u00e1rio (2 years), Angular JS (Less than 1 year), CSS Intermedi\u00e1rio (4 years), Android (2 years), Objective-C Intermedi\u00e1rio (2 years)", "Work-Experience": {"Company": "Teknisa Software - Belo Horizonte, MG && ADITI - Gest\u00e3o e TI - Belo Horizonte, MG && Sense8 Interactive - Belo Horizonte, MG && FUMEC/FEA - Belo Horizonte, MG && FUMEC/FACE - Belo Horizonte, MG && FUMEC/FACE - Belo Horizonte, MG", "Job-Description": "Desenvolvimento e manuten\u00e7\u00e3o de aplica\u00e7\u00f5es fo\u00e7adas em Food Service.  \n \nFoco em JavaScript, PHP e Oracle. && Desenvolvimento QlikView, QlikSense e NPrinting Designer && Desenvolvimento de sites em PHP + MySQL (Back-End). && Desenvolvimento de aplica\u00e7\u00f5es internas em PHP + MySQL com utiliza\u00e7\u00e3o do Framework CakePHP, foco em Back-End, suporte aos setores administrativos da unidade FEA e manuten\u00e7\u00e3o de computadores. && Suporte \u00e0 parte Acad\u00eamica e Administrativa da Unidade FACE, manuten\u00e7\u00e3o de computadores, gerenciamento dos usu\u00e1rios no Active Directory e suporte \u00e0s m\u00e1quinas Apple. && Suporte aos alunos e professores da FUMEC, unidade FACE, \nmanuten\u00e7\u00e3o de computadores e gerenciamento dos usu\u00e1rios no \nActive Directory.", "Job-Duration": "September 2016 to Present && November 2015 to Present && July 2015 to November 2015 && June 2012 to July 2015 && January 2012 to March 2012 && June 2011 to January 2012", "Job Title": "Web Developer && Analista BI && Denvolvedor Back-End PHP && Assistente de TI && Auxiliar de TI && Est\u00e1gio CPD"}, "Location": "Belo Horizonte, MG", "Education": {"Institute": "Universidade FUMEC Belo Horizonte, MG", "School-Duration": "2011 to 2014", "Qualification": "Gradua\u00e7\u00e3o in Ci\u00eancia da Computa\u00e7\u00e3o"}, "Resume-Summary": "None"}

,
{"CandidateID": "12", "Additional-Info": "Additional Information\nAn analyst and software developer that holds a master's degree from Brazilian Aeronautics Institute \nof Technology (ITA) with focus in High Performance Computing. Has skills and knowledge about \nparallel (shared and distributed memory) software design, code optimization, data processing, \nalgorithm and data structures. Also have interest in linux kernel programming, benchmarks \ntechniques, ARM architecture and computational geometry.", "Skills": "C/C++ (10+ years), Fortran 77/90 (9 years), Python (3 years), MPI/openMPI (5 years), IDL/GDL/Matlab (7 years)", "Work-Experience": {"Company": "BULL Information Technology and Services && Research Support Foundation of the State of S\u00e3o Paulo - S\u00e3o Paulo, BR && Exaflop Systems && National Council of Technological and Scientific Development (CNPq) && Brazilian National Institute for Space Research && MaxLider Industria e comercio LTDA", "Job-Description": "Working as a researcher in ARM architecture. \nUndisclosed. && Responsible for analyzing the parallel structure of the BRAMS model (shared memory only) and modifying it in order to allow more grid cells on the borders of communication (stencil) and thus \npermitting the utilization of high-order methods. && Converted a particle trajectory model, initially written in Fortran 90, into C++ by using test-driven \ndevelopment techniques. Currently working as support. (non-presential) && Responsible for modifying the monotonic advection scheme (Walcek, 2000) in BRAMS to allow the use of data-driven processing (Fonseca, 2015). && Support and development in Brazilian Regional Atmospheric Model (BRAMS). \n* Software development (mostly) using HPC techniques (distributed and shared memory \nenvironments). \n* User support and training. \n* Data processing. \n* Code optimization. \n* Bug tracking and tests. \nReference: http://meioambiente.cptec.inpe.br && Responsible for designing and building a system to control and interact with a CNC plasma cut \nmachine. As main activities can relate the development of a CNC-PC communication driver (using C), a system to convert input data into CNC commands (using C++) and a user interface (using C++, \nOpenGL). \nReference: http://www.parkernews.com.br/pdf/23_PKNews.pdf (pag 3)", "Job-Duration": "2016 to Present && 2016 to 2016 && 2015 to 2016 && 2015 to 2016 && 2005 to 2015 && 2004 to 2005", "Job Title": "Software developer consultant && Software Analyst and developer (TT-V) && Developer (Consultant) && Software Analyst and developer (DTI-B) && Software Analyst and developer && Software design and programmer"}, "Location": "Petr\u00f3polis, RJ, BR", "Education": {"Institute": "University of S\u00e3o Carlos && Aeronautics Institute of Technology && University of Taubate && Taubate Technical school", "School-Duration": "2016 && 2013 to 2015 && 2000 to 2004 && 1997 to 1999", "Qualification": "MBA in IT management && Master in Computer Engineering && COMPUTING AND OTHER SKILLS && None"}, "Resume-Summary": "None"}

,
{"CandidateID": "13", "Additional-Info": "Additional Information\nQUALIFICATIONS \n \nWell-accomplished Member of Association for Computing Machinery - ACM, of the Brazilian Computer \nSociety - SBC and Senior Member of Institute of Electrical and Electronics Engineering - IEEE, with 19+ \nyears of industry experience with systems development for the Internet and heterogeneous systems \nintegration. Solid experience in modeling of environment and business processes to be represented on \nIntegration Systems environment (EAI). Solid experience with research & development and incorporating \nresearch results into products. Experienced with distribution and parallelism concerns on the development of \ncommercial and scientific projects. Fluent in English and experienced in working in multidisciplinary and \ngeographically distributed teams, delegating responsibilities when necessary. Worked in offshore projects with \nUSA teams.", "Skills": "Java (10+ years)", "Work-Experience": {"Company": "BioLogica Sistemas && Centro Universit\u00e1rio La Salle - Niteroi, RJ && Universidade Carioca && Universidade Carioca - Rio, BR && Sakonnet Technology LLC && Electronic Data Systems && Ag\u00eancia Click && Interconection IT S/A", "Job-Description": "Attributions as Software Architect: Conception and development of biometric and integration products. \n\u25cf Defined the architecture for a biometrics middleware product based on C/C++. This product is a plug-in based software to allow for it's fast evolution. \n\u25cf Defined the architecture for a biometrics integration product based on Java Enterprise Edition standards. This product has a set of decoupled GUI components that allow the user to create their own forms. \n\u25cf Coordinated the developer team. \n\u25cf Defined the development process based on agile practices for the execution phase, and traditional practices for the definition phase. \n\u25cf Coordinated the creation of a build cell for continuous integration \n\u25cf Coordinated the effort to include TDD in the development process \n\u25cf Coordinated the effort to automate the majority of acceptance tests, reducing the time and costs associated with functional \nregression tests && Attributions as an Associate Professor: Teach system development disciplines for the information systems \nundergraduate and advise on final project assignments. \nDisciplines: Web Programming with Java, Human-Computer Interaction and Distributed Systems. \n\u25cf Started the use of Wiimote accelerometer and Kinect in the Human-Computer Interaction discipline to allow the students to learn the new interaction technologies. \n\u25cf Advised students for Final Papers using Kinect and GPUs. \n\u25cf Created the Adventures of LaSallinho (available at GitHub), a L\u00f6ve2D game ported to Android for the celebration of La \nSalle Week. \n \nFunda\u00e7\u00e3o Trompowsky Independent Consultant Sep/2009 - Sep/2011 \nAttributions as Systems Architect: Conception and development of web based products for DMS and integration with existing Distance Learning solutions. \n\u25cf Defined the architecture and implemented a DMS product based on EJB3, JPA, JSF and Facelets \n\u25cf Defined the architecture and implemented a Distance Learning product based on EJB3, JPA, JSF and Facelets \n\u25cf Trained and coordinated the developer team \n\u25cf Created a patch for NetBeans 6.9 to allow the use of JBoss 6 and IceFaces 2.0 \n\u25cf Development of specific components: Moodle Single Sign-On, JBoss module for user authentication on remote system and File database persistence to integrate with JPA && Attributions as an Associate Professor: Teach system development disciplines for the computer science \nundergraduate and advise on final project assignments. \nDisciplines: C Programming, Java Programming, Object Oriented Project Design, Object Oriented Programming, Web \nDevelopment with Java, Compilers, Distributed Systems and Information Systems. \n\u25cf Advised students on a Final Paper to use of the Wii remote controller in Lua with L\u00f6ve2D. && Attributions as a Developer: Develop a parallelism solution for a Multi-Agent based Stem Cell Simulation. This project \nwas part of the \"Computer Science Great Challenges\" initiative. && Attributions as Systems Analyst: Develop integration solutions using ESB concepts. \n \n\u25cf Developed solutions based on JBI using ServiceMix, OpenESB and Fuse as integration platform for Java systems. \n\u25cf Developed solutions using Open Source tools and providing corrections when necessary. \n\u25cf Developed workflows based on jBPM from JBoss for integration solutions \n\u25cf Patched an Apache FTP JBI component for product use && Attributions as Lead Technologist: Act as a technology focal point for the various organization projects. \n\u25cf Developed a PoC project to integrate a COBOL Enterprise system with Java EJB components running in a System/Z \nWebsphere. The development was off-shore based, and needed additional infrastructure for component testing based on \nIIOP-over-CORBA \n\u25cf Defined the architecture for systems integration \n\u25cf Defined technological solutions to support the Application Delivery area \n\u25cf Advised and trained a 40 people group to become Java Certified Programmers - the whole group was approved \n\u25cf Technical advising for web application development and design pattern usage \n \nAttributions as Systems Analyst: Development of large systems in offshore projects. \n\u25cf Development and maintenance of the Ticketing Reservation system for American Airlines. \n\u25cf Reformulated the automobile sales management system for USA, Canada and Puerto Rico, from General Motors. Spent \none week at EDS Dayton, OH, for training and modeling meetings, acted as the focal point on the Brazilian team. In this \nproject my performance and commitment was graded as \"exceeded expectations\" due to my efforts on conducting the \nBrazilian team. \n\u25cf Development and maintenance of the Engineering Control System for General Motors EUA and Europe based on web \ntechnology. && Attributions: Web systems maintenance. \n \n\u25cf Evolving maintenance of the Brasil Ve\u00edculos site, changes in the DB2 access management and posterior reorganization of the JSP based system. \n\u25cf Evolving maintenance of the White Martins Intranet and Institutional site, mainly JSP and JavaScript && Attributions: Development of Internet systems and integration with medium and large projects. \n \n\u25cf Developed the Luft Carrier order follow up system \n\u25cf Developed the TVE show program planning system \n\u25cf Developed Santa Catarina's Fire Department help desk system \n\u25cf Developed Construbid.com e-Marketplace system (awarded with the third place on the Cach\u00e9 Innovator Awards 2001, \nInterconnection was the first company outside USA and Europe to win this award); \n\u25cf Developed many components for the Santa Catarina's Justice Court project: \n\u25e6 Control scripts and calculus in JavaScript \n\u25e6 Integration agent between Cach\u00e9 and Zim using client/server in Java \n\u25cf Interviewed the client and modeled Ibope's on-line trading system \n\u25cf Developed the integration of the legacy systems and BR Petrobr\u00e1s' site. The result of this project was an EAI product \ncodenamed SCI, subsequently acquired by Intersystems as the base for the Ensemble product. Developed the following \nfeatures of SCI: \n\u25e6 Request Classes creation via web interface that, through reflection mechanisms, created the classes on the \nCach\u00e9 environment \n\u25e6 Auto documentation of the created classes and online documentation consulting using reflection to present the latest version of the Request Class \n\u25e6 Object Layer developed to allow Java and COM consistency \n\u25e6 Perl based SNMP component and MIB descriptor for SCI components \n\u25e6 MQSeries and Java integration \n\u25e6 Architecture definition and maintenance of the RFC SAP R/3 connectors written in C \n\u25cf Pilot integration project for the Brazilian Federal Planning Cabinet in Java using SSL support for the integration with XML \nModule via secure connection \n\u25cf Several meetings with Intesystems' team to present the SCI product and technology sharing \n\u25cf Developed a Rational Rose plug-in to allow creation and updating of models from Cach\u00e9.", "Job-Duration": "August 2011 to Present && August 2011 to December 2016 && February 2008 to December 2011 && May 2008 to May 2009 && September 2007 to April 2008 && December 2002 to September 2007 && October 2002 to December 2002 && October 1998 to September 2002", "Job Title": "Software Architect && Associate Professor && Associate Professor && CNPq funded Developer && Systems Analyst && Lead Technologist && Systems Analyst - Freelancer && Systems Analyst"}, "Location": "Niter\u00f3i, RJ, BR", "Education": {"Institute": "University on Coursera && Unicamp && Pontif\u00edcia Universidade Cat\u00f3lica Rio de Janeiro, RJ && Universidade Federal Fluminense && Universidade do Estado do Rio de Janeiro", "School-Duration": "October 2016 && 2015 && 2007 to 2011 && 2003 to 2005 && 1995 to 2001", "Qualification": "Certificate && Continuous Education && PhD in Computer Science && Master in Computer Science && Bachelor in Information Technology and Computer Science"}, "Resume-Summary": "Create solutions to real problems by applying information technology and computer science; \nDevelop my creative potential, using parallelism and distribution techniques, as a Software Engineer."}

,
{"CandidateID": "14", "Additional-Info": "None", "Skills": "Java (7 years), Maven (5 years), Jenkins (5 years), Agile (5 years), Git (5 years), PHP (4 years), MySQL (7 years), Oracle (3 years), REST API (4 years), Jboss (4 years)", "Work-Experience": {"Company": "Wplex - Florian\u00f3polis, SC && Webcota - Balne\u00e1rio Cambori\u00fa, SC && Videosoft - Balne\u00e1rio Cambori\u00fa, SC && Geosapiens - Itaja\u00ed, SC && Freelance - Balne\u00e1rio Cambori\u00fa, SC", "Job-Description": "Analysis and development of urban transport system, with emphasis on fleet planning, crew, reports etc. \nWe are encouraged to involve a cross-functional team working, codes, tests, debugs, implements, and documents programs. Assists in the modification of company products and/or customer/internal systems to meet the needs of the client and/or end-user. \nSome Linux system administration and tools experience (grep, cron, ssh, scp, vi, MySQL), preferably RHEL/CentOS. Comfortable working at the command line. \n \nProgramming language: \n- Java 8 SE / Java EE \n \nI perform operations directly with Linux / Server when necessary. && I participated from the beginning of the project as a Software Engineer, helping to build the software following the best practices. \nWebcota is an online software where users compete for bids, can manage them and with software, take advantage of other buyers because the software provides an excellent extra tool to manage bids, before, during and after the purchase. \n \nCurrently the system was closed to the public and is only used internally by the company. \nWebCota was a Startup Company. \n \nProgramming language: \n- Java 7 SE / Java EE \n- PHP && Researches and analyzes existing systems and program requirements, under periodic supervision. \nI participated in the creation and maintenance of systems used by terminals TouchScreen, such as: \n- TotemRecarga (system for mobile recharge) \n- AdegaDigital (wine system for supermarkets) \n- ReceitaDigital (system for recipes for supermarkets) \n \nProgramming language: \n- Java \n- PHP \n- C++ \nUse of tools such as: \n- Maven \n- Artifactory \n- Jenkins \nDatabases: \n- PostgreSQL \n- H2 \n- SQLite && Participation in the development of the Project \"BAHIA PESCA\" design (control system logs and monitoring forest companies). Always seeking for the design patterns and doing the best practices. \n \nProgramming: \n- PHP \n- Java 6 \n- Action Script \nDatabases: \n- PostgreSQL \n- SQL Server \n- MYSQL && I worked in a new private project to a custumer, using Java Swing and MySQL database. This project is a control management system and finance specific to the rules of the customer. \nIn the second business was a Beauty Salon Management System, where I sold to some beauty salons. \n \nProgramming language: \n- Java 6 \n- PHP \nDatabases: \n- H2 \n- MYSQL", "Job-Duration": "February 2014 to Present && June 2013 to January 2014 && October 2011 to July 2013 && April 2009 to April 2011 && January 2008 to April 2009", "Job Title": "Software Developer && Software Developer && Software Developer && Software Developer && Software Developer"}, "Location": "Florian\u00f3polis, SC", "Education": {"Institute": "Univali University Itaja\u00ed, SC", "School-Duration": "2008 to 2013", "Qualification": "Bachelor in Computer Science"}, "Resume-Summary": "Dear Sir/Madam, \n \nInformation Systems Technician and Bachelor of Computer Science. Several years of experience in software development for kiosks, including backend and frontend development, product catalogues and payment apps, monitoring systems. Organizational competencies: Analytic thinking, planning, quick adaptation to changes, collaboration, innovation, courage to face challenges. No matter the nationality, most people are honest and trustworthy. \n \nI have the European Passport. \n \nYours faithfully"}

,
{"CandidateID": "15", "Additional-Info": "Additional Information\nSharePoint, .NET C#, Angular, BizTalk", "Skills": ".NET (10+ years), Sharepoint (10+ years), Software Development (10+ years), Soa (10+ years), PHP (5 years), Asp.Net (10+ years), Visual Studio (10+ years), C# (10+ years), Scrum (5 years), Oracle (10+ years), SQL (10+ years), Database Management (10+ years), Systems Integration (10+ years)", "Work-Experience": {"Company": "AngolaPrev - Luanda && Avanade - Recife, PE && Caixa Seguradora S/A - Bras\u00edlia, DF && Uniceub - Bras\u00edlia, DF && B2BR - Bras\u00edlia, DF", "Job-Description": "Senior Consultant Team Leader Developer .NET SharePoint in the AngolaPrev maintenance cell, with support to the legacy systems of the National Social Security Institute of Angola (INSS), working with software architecture drawings and solutions and supporting the Support using Microsoft .NET, MVC4, DDD, C #, SharePoint, Kofax, BizTalk, Sequence technologies. && Leadering one cell (Team Collaboration) from .NET C# SharePoint developers, implementing sustentations critical systems from big companies around the world with SharePoint solutions using .NET Framework 4.5 C# to improve legacy systems and bring agility across integrations and solutions to customers. && Worked as an Software Architect, projecting and drawing solutions together with the Team Microsoft Official (Brazil) from Official Portal Caixa Seguros to sell services from Social Insurance on Brazil and France, using .NET tecnologies and SharePoint with integrations with others legacy plataforms using SOA. && Senior Developer .NET Consultant. Acting in the Development of legacy Educational Systems of the University, using Microsoft ASP.NET, C #, SQL Server, Business Intelligence (BI) SharePoint 2010 with Age Development Methodologies SCRUM && Senior Developer .NET Developing B2br internal systems development. Using Microsoft technologies ASP.NET, C #, SQL Server, Business Intelligence (BI), SharePoint 2007 and ERP (Benner) and agile development methodologies SCRUM. Through the company I worked on a project of the Federal Revenue at the Ministry of Finance - Bras\u00edlia (DF). Conducting analysis and development of the Tivoli reporting WEB system at the national level. Using PHP 5, AJAX, DB2 and MySQL technologies.", "Job-Duration": "March 2014 to Present && March 2014 to March 2015 && March 2013 to March 2015 && March 2010 to March 2012 && March 2007 to March 2010", "Job Title": "Senior Software Engineer && Senior System Analyst (SSA) && Lead Software Architect && Senior Developer .NET && Senior Development .NET"}, "Location": "Vancouver BC", "Education": {"Institute": "IGTI Belo, WV && Uniceub Bras\u00edlia, DF && UNICAP - Catholic University of Pernambuco Recife, PE", "School-Duration": "March 2015 to March 2017 && March 2013 to March 2015 && March 2003 to March 2007", "Qualification": "MBA in Software Architecture, Software Engineering in Computer Science && BA in Technologist Degree in System Analysis and Development && Bachelor of Science in Computer Science, Computer Science (not complete, 8\u00ba period) in Computer Science"}, "Resume-Summary": "\u25aa I am a Developer/Software Engineer with a Bachelor's Degree in Systems Analysis with 15 years of work experience. I\u2019ve worked in large and international companies, gaining considerable skills during this time as good experience with Business Process Management (BPM), analyzing, supporting, developing business processes using the tools in SharePoint, Sequence technologies integrations .NET C#, also working as International Consultant, exploring technologies and tools like SOA, Windows Forms, MVC 4, MVC 5, DDD, WCF, BizTalk, Reporting Services, JQuery, REST, Angular, Business Intelligence abroad. \n\u25aa Managing and coordinating projects with the team, including strategies for the customer requirements for several countries such as Africa, United States and Brazil. By being a highly analytical thinker I am able to identify, improve and streamline complex work processes. I have a very strong set of interpersonal skills and great ability to resolve problems."}

,
{"CandidateID": "16", "Additional-Info": "None", "Skills": "Java (3 years), Javascript (1 year), Git (3 years), Software Development (3 years)", "Work-Experience": {"Company": "Bluesoft - S\u00e3o Paulo, SP && Bluesoft - S\u00e3o Paulo, SP && IBM - S\u00e3o Paulo, SP && MATERA Systems - Campinas, SP", "Job-Description": "S\u00e3o Paulo, Brazil, && S\u00e3o Paulo, Brazil. \n\u2022 Develop high quality software, including clean and maintainable code. \n\u2022 Provide well designed REST APIs to our frontend developers. \n \n\u2022 Unit test as much code as possible. \n\u2022 Use Java 8 and its new features, like Lambda and Streams. \n\u2022 Refactor Legacy Code to Java 8 \n\u2022 Review code of my colleagues \n\u2022 Teach Interns and Trainees as much as I can as well as learning from them. \n\u2022 Learn from Senior developers as much as I can as well as teaching them. \n \n\u2022 Discuss system architecture in order to define the best approach possible when developing new tasks \n\u2022 Play the Scrum Master role when the official is on vacations. && Hortol\u00e2ndia, S\u00e3o Paulo \n\u2022 Develop a software to schedule deployments of products of one of our customers. \n \n\u2022 Review and correct possible mistakes from our Co-workers anywhere in the World \n \n\u2022 Help local co-workers who came from a different work experience to settle down and teach them the Java stack we were using by then && Campinas, \nS\u00e3o Paulo. \n\u2022 Develop a desktop system in Java SE to generate .war and .ear files that Testers \nwould use. \n\u2022 Develop a module of a new payment method for a bank who had just joined \nbusiness in Brazil. \n\u2022 Train other interns who joined after me.", "Job-Duration": "January 2016 to Present && January 2016 to November 2016 && July 2015 to December 2015 && November 2013 to July 2015", "Job Title": "Junior Software Developer IV && Junior Software Developer III && Junior Software Developer && Intern Software Developer"}, "Location": "S\u00e3o Paulo, SP", "Education": {"Institute": "Code academy profile && Universidade S\u00e3o Francisco", "School-Duration": "November 2016 && June 2016", "Qualification": "Software Architecture && None"}, "Resume-Summary": "\u2022 Three years working with Software Development. From banking systems to \nERP software for Supermakets usage, mainly focused on Logistics and Inventory. \n\u2022 Passionate about new technologies ano good quality software. \n\u2022 Great partner at work. \n\u2022 Hunger for knowledge. \n\u2022 Experience working with Java ano Spring, but have some knowledge on \nother technologies, like Javascript(and some JS frameworks, like \nAngularJS/ReactJS), HTML5, CSS3 and a very small understanding of Ruby on \nRails. I also have experience on Linux and MacOS environments ano relational \ndatabases (Oracle and MySQL) and have used Git and SVN as CVS."}

,
{"CandidateID": "17", "Additional-Info": "Additional Information\nQualifica\u00e7\u00f5es \nEnvolvido na \u00e1rea da computa\u00e7\u00e3o, a partir dos doze anos de idade, adquiri conhecimento em: \n\u2022 WEB: \no HTML 5 / CSS / JavaScrip / JQuery / Ajax / Django (framework) / PHP \n\u2022 BACK-END: \no Python / C / Java \n\u2022 Design: \no Photoshop \n\u2022 Sistema Operacional: \no Windows / GNU|Linux \n\u2022 Banco de Dados: \no PostgreSQL / MySQL \n \nCurso de HTML5 Homologado pela W3C (World Wide Web Consortium \u00e9 a principal organiza\u00e7\u00e3o de \npadroniza\u00e7\u00e3o da World Wide Web) \nCertificado Alura de JavaScript e JQuery", "Skills": "Java Intermedi\u00e1rio (Less than 1 year), Django (Less than 1 year), Python Avan\u00e7ado (Less than 1 year), JavaScript B\u00e1sico (Less than 1 year), HTML Avan\u00e7ado (1 year), CSS Intermedi\u00e1rio (Less than 1 year), Php (Less than 1 year)", "Work-Experience": {"Company": "Fabrica de Software IPE - Jo\u00e3o Pessoa, PB", "Job-Description": "Development of django aplication, using Tdd, opencvs, Linux, Javascript, jQuery, html, css, PostgreSQL", "Job-Duration": "August 2016 to December 2016", "Job Title": "Django Developer"}, "Location": "Jo\u00e3o Pessoa, PB", "Education": {"Institute": "Unipe Jo\u00e3o Pessoa, PB", "School-Duration": "August 2016 to August 2020", "Qualification": "Bacharelado in Ci\u00eancia da Computa\u00e7\u00e3o"}, "Resume-Summary": "None"}

,
{"CandidateID": "18", "Additional-Info": "None", "Skills": "Java (3 years), Unity (3 years), Sql (2 years), C++ (Less than 1 year)", "Work-Experience": {"Company": "Laborat\u00f3rio Bridge - Florian\u00f3polis, SC && Catnigiri - Florian\u00f3polis, SC && SCGames - Florian\u00f3polis, SC && N\u00famera - Florian\u00f3polis, SC", "Job-Description": "Develop a system to the Brazilian health ministry (SISMOB), a java web application with Vaadin that monitor all constructions made, it has also an app version for android. \nWe have a team of 30 members, each one of us has to work on every part of the system, from the front-end to back-end.  \nThe synchronization between the app version and the web version felt under my responsibilities, I'm using REST to handle the communication between then. && Responsibilities: \nHas the only programmer at the company my tasks would change from build games to setting up the revision control server. \n \nAccomplishments: \nBuild 2 games prototypes in the little period I stayed in the company. Unfortunately they wanted me to work full time and that was interfering with my collage grades, my only option was to leave the company. \n \nSkills Used \nProgramming(C#), Game Design && Responsibilities: \nTeach how to build games in java to students with age varying from 12 to 19 years old. \n \nAccomplishments: \nBoth of my classes where able to completely build 2D desktop games with less than an year course. \n \nSkills Used \nTeam communication, programming knowledge(Java) and leadership. && Responsibilities: \nI developed mini games for two educational games(\"Libras Brincando\", \"ABC Libras\"). \n \nAccomplishments: \nAs an intern I shouldn't have to build too many games, but in the beginning of the project one of the two main programmers dropped the project, so half of the work he should do was left to me. I managed to make all his tasks. Unfortunately the company was leaving the game development field, in that time my objective was to work with games so I left the company when all the games were finished. \n \nSkills Used \nObject Oriented Programming(Action Script 3.0), MVC pattern, Team communication", "Job-Duration": "September 2015 to Present && June 2014 to November 2014 && June 2013 to June 2014 && February 2012 to December 2012", "Job Title": "Junior Software Developer && Programmer && Programmer/Teacher && Programmer Intern"}, "Location": "Florian\u00f3polis, SC", "Education": {"Institute": "UFSC Floarian\u00f3polis, SC && Univali Florian\u00f3polis, SC", "School-Duration": "2012 to 2016 && 2011 to 2013", "Qualification": "BSc in Computer Science && Technologist in Digital Games"}, "Resume-Summary": "None"}

,
{"CandidateID": "19", "Additional-Info": "None", "Skills": "Webtrends Certified Professional, Web Analytics Consultant, Graphic Design, Web Developer, ASP, PHP, MySQL, JavaScript, AS2, COBOL, C++, Objective-C, VB", "Work-Experience": {"Company": "CLM SOFTWARE (Brazil) - S\u00e3o Paulo, SP && BETJACKS.COM (Ireland) - Dublin && CASA56 COMUNICA\u00c7\u00c3O - Rio de Janeiro, RJ && CASA56 COMUNICA\u00c7\u00c3O && CASA56 COMUNICA\u00c7\u00c3O - \u5317\u4eac\u5e02 && CASA56 COMUNICA\u00c7\u00c3O && GLOBO.COM && XUXA PROMO\u00c7\u00d5ES E PRODU\u00c7\u00d5ES ART\u00cdSTICAS (Brazil) && XUXA PROMO\u00c7\u00d5ES E PRODU\u00c7\u00d5ES ART\u00cdSTICAS (Brazil) && ANIMA DESIGN CONSULTORIA E DESIGN LTDA 13 && TV ASTECA (Mexico) - MEXICO", "Job-Description": "\u25cb Internal analytics consultant at Petrobras (Brazilian Oil Department) \n\u25cb Responsible for more than 590 profiles and 300 Apps \n\u25cb Responsible for Internal training (more than 5k users) \n\u25cb Responsible for Dashboard development using the Webtrends API \n\u25cb Responsible for the Technical Support and BI Team \n\u25cb Dashboard development for Video Analytics and Web Analytics. Static and Dynamic (php+json+js+css) \n\u25cb API Specialist, integrating customer data with Real Time Dashboards in HTML5 \n\u25cb Apps Development with Webtrends Apps. \n\u25cb Web Analytics Consultant: \n\u25cb BI Strategy; \n\u25cb Dashboard development; \n\u25cb Analytics installation and technical consulting (MS SQL, WINDOWS 2003/2008/2012 SERVER) \n\u25cb Software Upgrade; \n\u25cb SEO / SEM; \n\u25cb Web site tagging; \n\u25cb BATCH script to automate environment; \n\u25cb Article: \"Marketing for Webtrends, how to apply it and increase numbers\". && o http://www.betjacks.com \no http://www.betjackssports.com \no Betjacks.com - MOBILE && o Development and Manufacturing \nhttp://www.ressurgir.org.br \nhttp://www.bancoprosper.com.br \nhttp://www.maximaasset.com.br \nhttp://www.casa56.com.br \nhttp://www.dragolym.com.br \nhttp://www.reflex.com.br \nhttp://www.casa56.com.br/clientes/ilhaferraz \nhttp://www.revistagarcia.com.br/temp \nhttp://www.contrapontoeditora.com.br && o 2D animation, story development of \"Dragolym\" to The Olympic Games (Beijing) \nSee the pilot at www.dragolym.com.br && o Manipulation and retouching. \nPhotographer Assistant to the Magazine GARCIA \nhttp://www.revistagarcia.com.br/temp (temporary address) && o Responsible for all website images: Globo.com, G1.com.br, EGO.com.br, etc \no Coverage of 13\u00ba Pr\u00eamio Multishow (Music Awards)  \no Coverage of Festival do Rio 2006 (Movie Awards) && o Animations developments to ''Xuxa no Mundo da Imagina\u00e7\u00e3o'' \no Animations developments of \"Guto\" and \"Xuxinha\" \no Development of wallpapers, illustrations and other arts to attractions in the park \"O Mundo da Xuxa\" \no Development of poster to the movie ''Abracadabra''. && WEB DEVELOPER \no Development and maintenance of Petrobras Website (petrobras.com.br) && o PC/SERVER and network maintenance \no Web design and development of all web sites && o 2D Animation, story development of \"Pegasito\" to The Olympic Games (Athenas) && None", "Job-Duration": "January 2009 to Present && July 2008 to November 2008 && February 2007 to April 2008 && February 2007 to April 2008 && February 2008 to February 2008 && November 2007 to February 2008 && March 2006 to September 2006 && September 2002 to 2006 && February 2004 to April 2005 && 2000 to August 2002 && None", "Job Title": "Webtrends Consultant / Developer && Web Designer / Programmer && Web Designer / Photographer Assistent && WEB DESIGNER / WEB DEVELOPER && DESIGNER / CARTOONIST ANIMATOR && PHOTOGRAPHER ASSISTANT && ART ASSISTENT && DESIGNER / CARTOONIST ANIMATOR && FREE LANCE && WEB MASTER / MCP && DESIGNER / CARTOONIST ANIMATOR"}, "Location": "Rio de Janeiro, RJ", "Education": {"Institute": "o Dublin Cultural Institute Dublin && University Gama Filho Rio de Janeiro, RJ", "School-Duration": "2008 && 2000 to 2004", "Qualification": "English && BBA in Digital Design"}, "Resume-Summary": "Brazilian, 35 years, 18 working with digital marketing, web design, programming and animation. Worked for 10 years for the Brazilian TV (Rede Globo), some animations for TV Asteca (Mexico) and FOX Network (USA). Developed some apps for iOS and Android for clients in Rio de Janeiro, Brazil and S\u00e3o Paulo, Brazil."}

,
{"CandidateID": "20", "Additional-Info": "Additional Information\nInternet/Web Tools: ASP.net [\u2026] Jquery, AngularJS, XML, HTML, DHTML, CSS, WSDL, FTP \nApplication Development Tools: Visual Studio.Net [\u2026] Delphi [\u2026] \nVersion Control Tools: Tortoise SVN, MS SourceSafe \nProgramming Languages: C#, ASP.NET, PL/SQL, Delphi (11+ years) \nData Base: Oracle, MS SQL Server, Firebird, Interbase.", "Skills": "English \u2013 Intermediate - Vancouver - Canada (Less than 1 year), Innovative supervisor, Human Resources (2014), IT Strategic Management \u2013 ITIL (2013)., IT Governance Essentials (2013), Fundamentals of COBIT (2013), Web Developer / ASP.Net C# / VS2010 (2013), Internal Auditor (ISO 9001 / ISO 14001 / OHSAS 18001) (2013), Environmental management (2012), Learn Six Sigma \u2013 Green Belt (2012), PL/SQL \u2013 Oracle (2011), Data Access Layer with Framework Methodology (2010), ASP.Net (2010)", "Work-Experience": {"Company": "Sama S.A. \u2013 Minera\u00e7\u00f5es Associadas - Mina\u00e7u, GO && Proje\u00e7\u00e3o Inform\u00e1tica LTDA - Goi\u00e2nia, GO && Inforsystem Inform\u00e1tica LTDA - Goi\u00e2nia, GO && Canion Software - Goi\u00e2nia, GO", "Job-Description": "Analyze and document functional requirements for development enhancements, new developments, and enhancements per customer requests, Internal Auditor ISO 9001, 14001 and OHSAS 18001. Manage documents that define how new applications and enhancements will support business requirements. Project leader for Six Sigma (Green Belt) with benefits of $500K in cost avoidance. Developer web applications using ASP.Net, Delphi, PL/SQL, HTML, CSS, Bootstrap, DevExpress, JavaScript, AJAX, XML, UML and C# && Technical support for change control assessments, software change requests, and risk/impact migration. Worked directly with staff on testing, validation, and operational reliability of system platform. Mentored and educated business users with regards to software applications. Provided database administration on Oracle platforms as needs. Created complex queries, database triggers, and indexes on Oracle platforms for a variety of projects. Developer applications desktop using Delphi, PL/SQL, ASP.Net && Programmed Delphi for existing systems and new module design and development. Analyzed database logical and physical structures and conducted impact analyses on business requirements. Performed database administration on Firebird platform as needed && Designed, and tested all components and assembly of application code. Maintained customers and clients existing information systems and databases. Assessed code, and tested approved software changes affecting application systems. Developer application desktop using Delphi, MS/SQL.", "Job-Duration": "August 2010 to Present && 2008 to 2010 && 2006 to 2008 && 2004 to 2006", "Job Title": "Senior Software Developer && Senior Software Developer && IT Developer && Senior Software Programmer"}, "Location": "Mina\u00e7u, GO", "Education": {"Institute": "IPOG Goi\u00e2nia, GO && PUC/Go Goi\u00e2nia, GO && UNIP Goi\u00e2nia, GO", "School-Duration": "2013 to 2014 && 2009 to 2010 && 2000 to 2005", "Qualification": "MBA in Project Management && Specialization in Management and Software Quality && Bachelor in Computer Science"}, "Resume-Summary": "Highly accomplished IT Professional credited with combining project management, conceptual design, and databased modeling to better streamline business operations. Strong expertise working with major corporate clients including: IT leadership, programming knowledge, and troubleshooting technical challenges. Skilled in the ability to build and maintain relationships with effective communication. Seeking to align skill-set with a forward thinking organization."}

,
{"CandidateID": "24", "Additional-Info": "None", "Skills": "PHP (5 years), Magento (5 years), Linux (5 years), Javascript (4 years)", "Work-Experience": {"Company": "Webjump.com.br && Marabraz Furniture Store && Petnanet.com.br && Pernambucanas && Discover Technology && Mervale && Rondoagro Prod. Agropecu\u00e1rios Ltda", "Job-Description": "\u2022 Technical Leader, with the team we define the best technologies to use for each project, find the best solution for bugs; \n\u25e6 Tools: Atlassian Bitbucket, Atlassian Confluence; \n\u2022 Magento/PHP developer; \n\u25e6 Implement different types of modules and Solve Bugs; \n* Tools: PHPStorm, Sublime Text, Magicento, N98-magerun, xdebug; \n\u25e6 Frontend developer; \n* Tools: CSS, HTML, Sass (Compass), Twitter Bootstrap, jQuery; \n\u2022 Gathering requirements; && \u2022 Magento Consultant; \n\u25e6 Tools: Atlassian Jira, Atlassian Confluence; \n\u2022 Magento/PHP developer; \n\u25e6 Implement different types of modules; \n* Tools: PHPStorm, Sublime Text, Magicento, N98-magerun, xdebug; && \u2022 Developer/consultant Magento; \n\u25e6 Modules developer; \n\u25e6 A/B testing; \n* Tools: Nginx, Magento implementation; \n\u25e6 Webstore performance analysis; \n* Tools: Apache ab, Amazon CloudWatch, New Relic, working on use Thor (https://github.com/observing/thor); && \u2022 Magento Consultant \n\u25e6 Interpreter business requirements and technical specification documents; \n\u25e6 Focus on code assessment; \n* Tools: n98-magerun, xdebug; PHPStorm, Magicento; && \u2022 E\u00adcommerce/Magento team developer; \n\u25e6 Implementation of modules like shipping, payment and donation; \n* Tools: PHPStorm, Magicento, Vagrant, VirtualBox, Linux; \n\u25e6 Frontend development; \n* Tools: CSS, HTML, jQuery; \n\u25e6 Solve bugs; \n* Tools: N98-Magerun, Xdebug, Magicento and PHPstorm; && \u2022 ERP Implementation; \n\u2022 Developer; \n\u2022 Infrastructure coordinator; \n \nProjects \nSemptoshiba Store \nhttp://www.loja.semptoshiba.com.br/ \n \nSociedade Biblica Brasileira \nhttp://www.sbb.com.br \n \nMarabraz \nhttp://www.marabraz.com.br \n \nPernambucanas Store \nhttp://www.pernambucanas.com.br/ \n \nSaraiva Store \nhttp://www.saraiva.com.br/ \n \nPetnanet Store \nhttp://www.petnanet.com.br/ \n \nInstrutherm Store \nhttps://www.instrutherm.net.br/ \n \nCertified \n\u2022 Magento Developer July 2013 \n\u2022 Magento Developer Plus July 2013 \n\u2022 Zend Framework June 2013 \n\u2022 Google Youtube \u00ad Video Ads \u00ad Google Inc. November 2015 && None", "Job-Duration": "June 2016 to Present && November 2015 to June 2016 && February 2015 to October 2015 && November 2014 to February 2015 && July 2012 to November 2014 && September 2011 to July 2012 && February 2000 to December 2003", "Job Title": "Magento Software Developer && Magento Software Developer && Consultant/Developer Magento && Consultant/Developer Magento && Consultant/Developer && Support Analyst && IT Coordinator"}, "Location": "S\u00e3o Paulo, SP", "Education": {"Institute": "Universidade Federal de Mato Grosso && UNIR Rondon\u00f3polis, MT", "School-Duration": "2010 to 2011 && 2000 to 2003", "Qualification": "Master of Business Administration && Information Technology"}, "Resume-Summary": "Languages: \nPHP, Java, Objective C, Javascript; \n \nFrameworks: \nZendFramework, CakePHP, Laravel and Magento, jQuery, Prototype, Twitter Bootstrap; \n \nFrontend: \nCSS, HTML, Sass (Compass), Less, jQueryUI, Responsive design; \n \nGeneral: \nVersion Control \u00ad Git (Git\u00adflow), Virtualization (Vagrant/VirtualBox/Docker), Linux, Nginx, Redis, Elasticsearch, Relational Databases, NoSQL, AWS (Amazon Web Services), Debug (Xdebug), Magicento; \n \nTools: \nSublimeText, PHPStorm, Magicento, N98\u00adMagerun, Xdebug, Nginx, Vagrant, Docker, Atlassian Jira, Atlassian Bitbucket, Atlassian Confluence;"}

,
{"CandidateID": "25", "Additional-Info": "Additional Information\nEXPERIENCE:  \nPHP, Angular.JS, Node.JS, Strongloop, Loopback, Meteor.JS, Cordova, JavaScript, Jquery, Html5, Css e Bootstrap. \nArchitecture MVC, Object Oriented Programming,  \nDatabase Modeling. \nRelational and non-relational database: Mysql, Postgres, SQL-Server e MongoDB. \nAgile Methodology SCRUM. \nVersioning system GIT and SVN \nAutomation of front-end build with Grunt.", "Skills": "PHP Avan\u00e7ado (5 years), nodejs (1 year), Angularjs (1 year), Meteor.js (Less than 1 year), Loopback Strongloop (1 year), JavaScript (4 years), Jquery (5 years), Bootstrap (2 years), Mysql (5 years), MongoDB (1 year), SCRUM (4 years), GIT (3 years)", "Work-Experience": {"Company": "ITRIAD - Manaus, AM && AXM CONSULTORIA E DESENVOLVIMENTO EMPRESARIAL LTDA - Manaus, AM && Pol\u00edcia Civil do Amazonas - Manaus, AM && JLV ANDAIMES, F\u00d4RMAS E ESCORAMENTOS LTDA. - Manaus, AM && Secretaria de Estado Seguran\u00e7a P\u00fablica AM, empresa terceirizada PROSAM. - Manaus, AM", "Job-Description": "PHP Developer, working on Front End and Back End. Framework Symfony, Databases Oracle, Angular.js, Bootstrap, Materialize and Progressive Web Apps. && Web developer, Actively working on Front End and Back End. Node.Js, Angular.js, API Strongloop(Loopback), databases Mysql, SQL-Server and MongoDB. && Responsibilities \nActivity: Responsible for the implementation and updating of systems, aiming at improving and agility of internal and external processes. && Responsibilities \nActivity: Responsible for creating software for equipment control and creation / updating of the company's website, aiming to create dynamic systems / sites for interactivity with its clients. && Responsibilities \nActivity: Implementation, elaboration and update of internal systems to control information pertinent to the sectors, aiming at improvement and agility of the processes.", "Job-Duration": "October 2016 to Present && October 2015 to October 2016 && August 2013 to October 2015 && November 2010 to July 2013 && July 2007 to November 2010", "Job Title": "Web Developer && Developer Full Stack && PHP Developer / Analyst && PHP Developer / Analyst && PHP Developer / Analyst"}, "Location": "Manaus, AM", "Education": {"Institute": "Idaam Manaus, AM && Idaam Manaus, AM && Uninorte Laureate International Universities Manaus, AM && Fucapi Manaus, AM", "School-Duration": "2016 to 2017 && 2016 to 2017 && 2013 to 2015 && 2008 to 2010", "Qualification": "Specialization in MBA - Project Management (Cursing) && Specialization in MBA - Innovative Business Management (Cursing) && Graduated in Analysis and systems development && Technician in Systems development"}, "Resume-Summary": "Phone: (92) [\u2026] \nSkype: analistaweb"}

,
{"CandidateID": "26", "Additional-Info": "None", "Skills": "University Experience on C, C++, Haskell, PostgreSQL, Game development", "Work-Experience": {"Company": "ReclameAQUI - S\u00e3o Paulo, SP && Reclame Aqui - S\u00e3o Paulo, SP && Folha de S\u00e3o Paulo - S\u00e3o Paulo, SP && ANAC - S\u00e3o Paulo, SP && Facilit Tecnologia - Recife, PE && NTI-UFPE - Recife, PE", "Job-Description": "Java - Core engineer at the core project. JBoss clusters on Amazon Web Services . +8 million users. \nFull Stack - Lead Engineer of ElasticSearch cluster. Logstash + Kibana visualizations. Saltstack, Ansible. \nJavaScript - Part-Developer of front AngularJS components  \nEJB3 (Wildfly), RESTful API, JMS (HornetQ and ActiveMQ), Maven, JPA (MySQL). ElasticSearch, Optimizations, Monitoring (Marvel, AWS, Zabbix alerting), Memcached, AngularJS, Grunt, Bower. \n \nFreelance Engineer: \nDedalus - S\u00e3o Paulo - SP - October/2016 - current \nJavascript - NodeJS RESTful Microservice API on AWS. Lambda, API Gateway, Serverless. Mocha/Chakram Tests, DynamoDB, SQS, S3 && NodeJS - Design and Development of a RESTful API with Messaging via Socket.io  \nPHP5 applications maintenance, design and leader developer. && PHP applications maintenance, improvement, design and development \nMigration of authentication system in legacy project. \nDesign & Dev of a PHP App that generates newspaper digital pages. && Design & Development of a Java report application to measure the quality of IT Operations.  \nIT Operation Management (ITIL Incident Management) & Helpdesk Quality Auditing && PHP5 Application development. SGDE: Integration of several Public Service Applications. && PL/SQL programming in Oracle 10g DB. Minor DBA tasks.", "Job-Duration": "June 2015 to Present && February 2015 to May 2015 && June 2014 to January 2015 && November 2009 to May 2014 && June 2009 to October 2009 && March 2007 to June 2009", "Job Title": "Senior Software Engineer && Senior PHP/JS Developer && PHP Developer && IT Technician && PHP Developer && PL/SQL Developer"}, "Location": "S\u00e3o Paulo, SP", "Education": {"Institute": "Universidade Federal de Pernambuco Recife, PE", "School-Duration": "2005 to 2009", "Qualification": "Bachelor in Computer Science"}, "Resume-Summary": "Self-motivated software engineer passionate about the development of high quality, highly available and scalable systems. Quick learner, oriented on problem solving and always looking for new challenges."}

,
{"CandidateID": "29", "Additional-Info": "None", "Skills": "Delphi (5 years), Firebird (5 years), PostgreSQL (1 year), MySQL / MariaDB (3 years), Ruby (1 year), PHP (2 years), Javascript (3 years), Linux (server) (2 years)", "Work-Experience": {"Company": "Arus T.I - Cianorte, PR && Cheina Inform\u00e1tica - Cianorte, PR && Cheina Inform\u00e1tica - Cianorte, PR", "Job-Description": "I develop ERP software (or business management), doing tasks such as:  \n- Requirements specification \n- Entity Relationship Diagram (ERD) \n- Database programing and admininstration \n- Developing web, mobile or desktop apps && I developed ERP (or business management) software, doing tasks such as: \n- Requirements specification \n- Entity Relationship Diagram (ERD) \n- Database programing \n- Developing web, mobile or desktop apps && Ensure the quality of ERP Software, doing tasks such as: \n- Validation of software conformity with requirements \n- Elaboration of tests suites \n- Finding and reporting bugs", "Job-Duration": "May 2014 to Present && May 2010 to April 2014 && December 2006 to April 2010", "Job Title": "Software Developer && Software Developer && Software Tester"}, "Location": "Cianorte, PR", "Education": {"Institute": "UNIPAR Cianorte, PR", "School-Duration": "February 2008 to December 2010", "Qualification": "Technologist in Software Development"}, "Resume-Summary": "None"}

,
{"CandidateID": "33", "Additional-Info": "None", "Skills": "Java (4 years), Android Development (2 years)", "Work-Experience": {"Company": "DaitanGroup && CAPGEMINI && MARVEL Characters Wiki && CAPGEMINI && CAPGEMINI && DAC ENGENHARIA", "Job-Description": "I currently work as a Sr. Android Developer in a product focused on a real time communication for an American client. Among \nothers, I perform the following tasks: \n\u25cf Estimate, design, implement, test and document (BPM) new functionalities for the the android app; \n\u25cf Build tools and libraries to use together with the application (either in production or during development analysis), creating a \npool to serve other applications as well; \n\u25cf Create and maintain Unit and UI tests using Android Testing Support Library (Mockito, PorwerMockito, Espresso, etc); \n\u25cf Conduct performance analysis, document results and propose improvements using profiling tools; \n\u25cf Care for UX, proposing changes to increase user satisfaction while using the application; \n\u25cf Work in a multicultural geographically apart team. Using Agile methodology, our goal is to make POs and clients happy at the end of each sprint; \nEmployed Technologies: Android Studio, Gradle, Git, Confluence, JIRA && At this position I coordinate Jr and Full seniority developers, helping them on their task of implementing backend functionalities, as well as validating the quality of their work; produce technical documentation and conduct presentations as part of technology transfer processes; \nimplement back and frontend functionalities in Java; I also helped on the coordination of an offshore cell located in India; && I work as an independent Android Developer producing applications for different contexts. Below is a list of my published works: \nApplications: Open-source projects: \n\u25cf MARVEL Characters Wiki \u25cf android-user-oboarding: https://github.com/edsilfer/android-user-onboarding \nhttps://goo.gl/72LGUW \u25cf android-search-interface: https://github.com/edsilfer/android-search-interface \n\u25cf MovieDB \u25cf android-chip-interface: https://github.com/edsilfer/android-chip-interface \n \nhttps://github.com/edsilfer/moviedb \u25cf android-list-manager: https://github.com/edsilfer/android-list-manager \n\u25cf android-kotlin-support: https://github.com/edsilfer/android-kotlin-support \n \nhttp://www.linkedin.com/in/edsilfer \nEdgar da Silva (+55) 61 9 8199 - 6640 \nFernandes fernandes.s.edgar@gmail.com \nProblem Solver | Software Engineer Ch\u00e1caras Primavera, T2 Ap.103 Zip Code:13.087-460 \nCampinas, SP - Brasil \n \n\u25cf sticky-index: https://github.com/edsilfer/sticky-index \n\u25cf custom-searchable: https://github.com/edsilfer/custom-searchable \n\u25cf emoji-library: https://github.com/instachat/emoji-library \nEmployed Technologies/ Frameworks: Android Studio, Eclipse, Gradle, Git, Justinmind, Xtensio, Git, Spring Boot, MySQL; && At this position I've designed and executed a continuous integration environment, using Jenkins; conducted several technical interviews for \nImplementation Analyst positions; worked at the implementation of back and frontend functionalities in Java; && At this position I designed (UML and physical model), implemented (Java, SQL, etc) and tested (Unit and Broad Stack Tests) new functionalities for IBM C\u00faram Social Benefits JEE Application; \n \nEmployed Technologies: Java EE e SE, Eclipse RSA), EclEmma, PMD, Jenkins, Sonar, TomCat, DB2 Oracle Visio, SVN, Git, Mockito, Hikari, Spring, \nJavaScript, JQuery, Hibernate, WebServices REST; && While working for DAC Engenharia, I have acted on identifying IT's demands inside the company, designing and implementing software aimed to improve its productiveness. My job was not only identifying points of improvement but also to present different solutions to unlock bottlenecks. \nFollow there is a brief description of the projects I have worked in DAC: \n \n\u25cf Java SE (Swing) software that allows download management of public resources provided by governmental agencies of Brazil; \n\u25cf Java SE (Swing) software that extracts geographical coordinates from pictures, converting them into a highlighted route on a map - \ncompatible with Google Earth; \n\u25cf Java SE (Swing and FX) software that produces reports from a set of data provided by the user. It uses Apache POI libraries to manage \n.doc and .pdf files, as well as it integrates with Google Maps API in order to allow the user to retrieve the map location of pictures \nincluded in the software. \nEmployed Technologies: Eclipse, Netbeans, JSF, Java Standard Edition (JSE) focusing in JavaFX and Java Swing; Google Maps Static and Dynamic \nAPIs; \n \nhttp://www.linkedin.com/in/edsilfer \nEdgar da Silva (+55) 61 9 8199 - 6640 \nFernandes fernandes.s.edgar@gmail.com \nProblem Solver | Software Engineer Ch\u00e1caras Primavera, T2 Ap.103 Zip Code:13.087-460 \nCampinas, SP - Brasil", "Job-Duration": "October 2016 to Present && March 2016 to Present && January 2015 to Present && January 2015 to February 2016 && January 2014 to December 2014 && July 2013 to December 2013", "Job Title": "SOFTWARE ENGINEER && SR TECHNOLOGY CONSULTANT && ANDROID DEVELOPER && TECHNOLOGY CONSULTANT && JR TECHNOLOGY CONSULTANT && JR JAVA DEVELOPER"}, "Location": "Campinas, SP", "Education": {"Institute": "Information Technology Management Institute && Universidade Federal de Itajub\u00e1 && University of Tennessee Knoxville, TN", "School-Duration": "2015 to 2016 && 2009 to 2013 && 2012", "Qualification": "MBA in Design of Applications for Mobile Devices && Computer Engineering && Computer Engineering / Science Without Borders"}, "Resume-Summary": "My goal is to work with technology projects in all of its different aspects: viability, IT projects, implementations of interfaces between software \nand hardware, API's development, Mobile Systems Development, among others."}

,
{"CandidateID": "37", "Additional-Info": "Additional Information\nI am passionate about software development area and I have worked more than 14 years developing solutions, taught many students about the techniques and tricks of software development, like design patterns, algorithms, Java, Python, PHP, web structure, html, css, javascript and others things. \n \nIn December of 2016 I started the Machine Learning nanodegree program of Udacity, in which I learn a lot of things about data science, data exploring and prediction algorithms, using python, pandas, matplot and other tools.", "Skills": "java (8 years), scrum master (8 years), Php (9 years), Leader (5 years), Mysql (9 years), Oracle (9 years), Software Development (10+ years), Cobol (5 years), Software architect (7 years), Management (3 years), SOA (4 years), REST (5 years), JSF (3 years), Struts (4 years), Java EE (7 years), Python (3 years), Ruby (2 years)", "Work-Experience": {"Company": "PORTAL UNIMED - Florian\u00f3polis, SC && IEA - INSTITUTO DE ESTUDOS AVAN\u00c7ADOS - Florianopolis, SC - S\u00e3o Jos\u00e9, SC && Scrum && JSE && QUICKSOFT - Blumenau, SC && BLUDATA - Blumenau, SC && None", "Job-Description": "Currently managing project teams, web design, quality, support, infrastructure and software \ndevelopment by applying concepts, techniques and effective methods, always observing the company's strategic objectives and the professional growth of the team. && I teach web programming techniques, including Java EE API, teaching the basic steps of how to build a simple application with JSP and Servlet until how to configure web.xml, JSTL, HTML, JavaScript, \nCSS. All these practices include instructions of how to use one database with web applications like \nMySQL. \nIEA - INSTITUTO DE ESTUDOS AVAN\u00c7ADOS - Florianopolis, SC, Brazil && Was responsible for the coordination of a software development team with 21 individuals. Applying \ntechnical knowledge, methodologies, new tools and programming languages such as PHP and \nPython. Additional responsibilities included the implementation of methodologies like Scrum and \nFDD. Acted as the team coach to help achieve project goals, showing and playing all roles of && Java Architect responsible for design and development of Java applications such as: Corporate \nPortals, Web Apps with JBoss Seam and JSF, Micro service structure that was fully developed with SOAP and Restful API. Was responsible for leading developer teams and bringing new Java \nsolutions for complex problems and developing components to help build new apps. && applications for mail \nclipping development using JSF, Struts, JPA, EJB, and others technologies. && I was responsible by developing on demand solutions for our costumers like financial \nfactoring and university. These project were developed with Delphi 7 and Oracle. I also \nworked on others projects that were developed on Cobol and Java helping the system analyst \nsolving the problems. && I was responsible of the main project of the company called GED. This software was \ndeveloped with Delphi and Interbase and the principal objective was building a new version of a old software made in Cobol. I coordinated in this project, a team with more two guys and I \nhad the responsible to control the tasks of the team and the goals. I was responsible too keep the older version of the software in Cobol, elaborating new fix patches and new releases.", "Job-Duration": "March 2013 to Present && June 2012 to August 2014 && September 2010 to March 2013 && June 2009 to September 2010 && January 2006 to May 2009 && January 2005 to December 2005 && March 2002 to December 2004", "Job Title": "Software Development Manager && TEACHER && IT Software Coordinator && Java Software Developer && JEE and PHP programmer developing web solutions for e-learning systems && Software Developer && Delphi software Developer"}, "Location": "Palho\u00e7a, SC", "Education": {"Institute": "Gama Filho University Florian\u00f3polis, SC", "School-Duration": "December 2012", "Qualification": "MBA in Project Management"}, "Resume-Summary": "None"}

,
{"CandidateID": "38", "Additional-Info": "Additional Information\n\u00c1reas de interesse: DevOps, desenvolvimento back-end, administra\u00e7\u00e3o de banco de dados, \nadministra\u00e7\u00e3o de servidores Linux/Unix, scripts de automa\u00e7\u00e3o, banco de dados n\u00e3o \nrelacionais, servidores, cloud computing, datacenters, redes (SDN e NFV) e \ninfraestrutura de TI.", "Skills": "Vagrant/Puppet, Git/TurtoiseSVN, Java, JavaScript, Python, Shell Scripting, Perl, MEAN (MongDB, ExpressJS, AngularJS, NodeJS) Stack, Ingl\u00eas Fluente, Storage (NAS/SAN), jQuery, Scrum, JIRA, jUnit, Selenium Framework, REST api, Unit Test, Mocha, Gulp, npm", "Work-Experience": {"Company": "Ci&T - Campinas, SP && Lenovo Innovation Center - Campinas, SP && IBM - Projeto ATT - Hortol\u00e2ndia, SP && IBM - Hortol\u00e2ndia, SP", "Job-Description": "Responsabilidades \nDesenvolvedor Javascript: \n\u2022 Desenvolvimentode APIs em Node.js utilizando metodologias \u00e1geis, TDD(TestDrivenDevelopment) e BDD(BehaviorDrivenDevelopment). \n\u2022 Assegurando qualidade de software atrav\u00e9s de testes unit\u00e1rios usando mocha e istanbul como \nferramenta para gera\u00e7\u00e3o de relat\u00f3rios de cobertura de c\u00f3digo. \n\u2022 Desenvolvimento de scripts de automa\u00e7\u00e3o e ferramentas para melhorar a qualidade de software e \naumentar a velocidade do desenvolvimento, utiliza\u00e7\u00e3o de task runners como Gulp e Grunt. \n\u2022 Utilizando Jira Kanban no rastreamento de projetos e tarefas. && Participa\u00e7\u00e3o em v\u00e1rios projetos: \n\u2022 Projeto explorat\u00f3rio em SDS (Software Defined Storage) onde adquiri conhecimento sobre storage \n(SAN e NAS) e desenvolvi um script shell (bash) para coletar o espa\u00e7o utilizado das parti\u00e7\u00f5es dos \nHDs. Avalia\u00e7\u00e3o e implementa\u00e7\u00e3o do Starwind, uma das ferramentas SDS dispon\u00edveis no mercado. \n\u2022 Avalia\u00e7\u00e3o e implementa\u00e7\u00e3o da ferramenta SpiceWorks de gerenciamento de servidores e ativos, para \no qual desenvolvi um plugin como prova de conceito utilizando IPMITools e JavaScript. \n\u2022 Atuei como desenvolvedor no projeto de manuten\u00e7\u00e3o e desenvolvimento da interface web para a \nferramenta de gerenciamento da linha de servidores empresariais ThinkServer Lenovo (TSM WebUI). \nTecnologias utilizadas: Javascript, jQuery, Html, Css, AMI\u2019s HAPI Api, IPMITools e para testes \nSelenium/jUnit. \n\u2022 Desenvolvedor Javascript em um projeto h\u00edbrido Android/iOS de um aplicativo para monitoramento de servidores Lenovo ThinkServer, utilizando: Ionic Framework, AngularJS e Backbone.js. && Elaborei uma estrat\u00e9gia para atualizar e migrar uma base de dados Oracle 10g de um servidor Solaris para um servidor Linux rodando Oracle 11g. && Forneci suporte para banco de dados Oracle 9i,10g e 11g em ambientes de produ\u00e7\u00e3o e miss\u00e3o \ncr\u00edtica: \n \n\u2022 Instala\u00e7\u00e3o/Remo\u00e7\u00e3o/Configura\u00e7\u00e3o do Oracle Database e outros produtos Oracle como OCM (Oracle Configuration Manager). \n\u2022 Backup/recupera\u00e7\u00e3o. \n\u2022 Gerenciamento de pol\u00edticas de seguran\u00e7a, usu\u00e1rios (roles, grants, senhas) e previs\u00e3o de crescimento da base de dados. \n\u2022 Suporte \u00e0 usu\u00e1rios no desenvolvimento de queries. \n\u2022 Migra\u00e7\u00e3o/cria\u00e7\u00e3o/monitoramento (atrav\u00e9s de scripts) de base dados. \n\u2022 Troubleshooting de problemas de desempenho; aplica\u00e7\u00e3o de patch de corre\u00e7\u00e3o de banco de dados Oracle. \n\u2022 Intera\u00e7\u00e3o com MOS (My Oracle Support) na resolu\u00e7\u00e3o de SRs (service request).", "Job-Duration": "September 2015 to Present && July 2014 to September 2015 && December 2013 to February 2014 && December 2010 to December 2013", "Job Title": "Engenheiro de Software && Desenvolvedor de Software && DBA Oracle && DBA Oracle"}, "Location": "Mogi Mirim, SP", "Education": {"Institute": "FATEC Mogi Mirim, SP", "School-Duration": "2010 to 2014", "Qualification": "Tecn\u00f3logo in An\u00e1lise e Desenvolvimento de Sistemas"}, "Resume-Summary": "None"}]
